{
  "final_loss": 0.01850175466388464,
  "best_loss": 0.013990419451147318,
  "rmsd": 0.025302240244679357,
  "passed": 